<?xml version="1.0" encoding="UTF-8"?>
<beans xmlns="http://www.springframework.org/schema/beans" xmlns:xsi="http://www.w3.org/2001/XMLSchema-instance"
       xsi:schemaLocation="http://www.springframework.org/schema/beans http://www.springframework.org/schema/beans/spring-beans-2.0.xsd"
       default-lazy-init="true">

    <!-- Hibernate SessionFactory -->
    <bean id="sessionFactory" class="org.springframework.orm.hibernate3.annotation.AnnotationSessionFactoryBean">
        <property name="dataSource" ref="dataSource"/>
        <property name="configLocation" value="classpath:hibernate.cfg.xml"/>
        <property name="hibernateProperties">
            <value>
                hibernate.dialect=org.hibernatespatial.postgis.PostgisDialectNG2
                hibernate.query.substitutions=true 'Y', false 'N'
                hibernate.cache.use_second_level_cache=true
                hibernate.cache.provider_class=org.hibernate.cache.EhCacheProvider
            </value>
            <!-- Turn batching off for better error messages under PostgreSQL -->
            <!-- hibernate.jdbc.batch_size=0 -->
        </property>
        <property name="packagesToScan">
     <list>
       <value>com.gisgraphy</value>
     </list>
   </property>
   <property name="annotatedClasses">
      <list>
        <value>com.gisgraphy.model.Role</value>
     </list>
    </property>
    </bean>

    <!-- Transaction manager for a single Hibernate SessionFactory (alternative to JTA) -->
    <bean id="transactionManager" class="org.springframework.orm.hibernate3.HibernateTransactionManager">
        <property name="sessionFactory" ref="sessionFactory"/>
    </bean>
    

</beans>
