[{"stat":0,"label":"Streets"},{"stat":0,"label":"Addresses"},{"stat":0,"label":"Cities"},{"stat":0,"label":"Adms"},{"stat":0,"label":"Pois:ATM"},{"stat":0,"label":"Pois:AdmBuilding"},{"stat":0,"label":"Pois:Airport"},{"stat":0,"label":"Pois:Ambulance"},{"stat":0,"label":"Pois:AmusePark"},{"stat":0,"label":"Pois:Aqueduc"},{"stat":0,"label":"Pois:Bank"},{"stat":0,"label":"Pois:Bar"},{"stat":0,"label":"Pois:Bay"},{"stat":0,"label":"Pois:Beach"},{"stat":0,"label":"Pois:Bench"},{"stat":0,"label":"Pois:Bridge"},{"stat":0,"label":"Pois:Building"},{"stat":0,"label":"Pois:BusStation"},{"stat":0,"label":"Pois:Camp"},{"stat":0,"label":"Pois:Camping"},{"stat":0,"label":"Pois:Canyon"},{"stat":0,"label":"Pois:Casino"},{"stat":0,"label":"Pois:Castle"},{"stat":0,"label":"Pois:Cave"},{"stat":0,"label":"Pois:Cemetery"},{"stat":0,"label":"Pois:Cinema"},{"stat":0,"label":"Pois:Cirque"},{"stat":0,"label":"Pois:CityHall"},{"stat":0,"label":"Pois:CitySubdivision"},{"stat":0,"label":"Pois:Cliff"},{"stat":0,"label":"Pois:Coast"},{"stat":0,"label":"Pois:Continent"},{"stat":0,"label":"Pois:CourtHouse"},{"stat":0,"label":"Pois:Craft"},{"stat":0,"label":"Pois:CustomsPost"},{"stat":0,"label":"Pois:Dam"},{"stat":0,"label":"Pois:Dentist"},{"stat":0,"label":"Pois:Desert"},{"stat":0,"label":"Pois:Doctor"},{"stat":0,"label":"Pois:EmergencyPhone"},{"stat":0,"label":"Pois:Factory"},{"stat":0,"label":"Pois:Falls"},{"stat":0,"label":"Pois:Farm"},{"stat":0,"label":"Pois:FerryTerminal"},{"stat":0,"label":"Pois:Field"},{"stat":0,"label":"Pois:FireStation"},{"stat":0,"label":"Pois:FishingArea"},{"stat":0,"label":"Pois:Fjord"},{"stat":0,"label":"Pois:Forest"},{"stat":0,"label":"Pois:Fountain"},{"stat":0,"label":"Pois:Fuel"},{"stat":0,"label":"Pois:Garden"},{"stat":0,"label":"Pois:GisFeature"},{"stat":0,"label":"Pois:Golf"},{"stat":0,"label":"Pois:Gorge"},{"stat":0,"label":"Pois:GrassLand"},{"stat":0,"label":"Pois:Gulf"},{"stat":0,"label":"Pois:Hill"},{"stat":0,"label":"Pois:Hospital"},{"stat":0,"label":"Pois:Hotel"},{"stat":0,"label":"Pois:House"},{"stat":0,"label":"Pois:Ice"},{"stat":0,"label":"Pois:Island"},{"stat":0,"label":"Pois:Lake"},{"stat":0,"label":"Pois:Library"},{"stat":0,"label":"Pois:LightHouse"},{"stat":0,"label":"Pois:Mall"},{"stat":0,"label":"Pois:Marsh"},{"stat":0,"label":"Pois:MetroStation"},{"stat":0,"label":"Pois:Military"},{"stat":0,"label":"Pois:Mill"},{"stat":0,"label":"Pois:Mine"},{"stat":0,"label":"Pois:Mole"},{"stat":0,"label":"Pois:Monument"},{"stat":0,"label":"Pois:Mound"},{"stat":0,"label":"Pois:Mountain"},{"stat":0,"label":"Pois:Museum"},{"stat":0,"label":"Pois:NightClub"},{"stat":0,"label":"Pois:Oasis"},{"stat":0,"label":"Pois:ObservatoryPoint"},{"stat":0,"label":"Pois:Ocean"},{"stat":0,"label":"Pois:OperaHouse"},{"stat":0,"label":"Pois:Park"},{"stat":0,"label":"Pois:Parking"},{"stat":0,"label":"Pois:Pharmacy"},{"stat":0,"label":"Pois:Picnic"},{"stat":0,"label":"Pois:Plantation"},{"stat":0,"label":"Pois:PolicePost"},{"stat":0,"label":"Pois:PoliticalEntity"},{"stat":0,"label":"Pois:Pond"},{"stat":0,"label":"Pois:Port"},{"stat":0,"label":"Pois:PostOffice"},{"stat":0,"label":"Pois:Prison"},{"stat":0,"label":"Pois:Pyramid"},{"stat":0,"label":"Pois:Quay"},{"stat":0,"label":"Pois:Rail"},{"stat":0,"label":"Pois:RailRoadStation"},{"stat":0,"label":"Pois:Ranch"},{"stat":0,"label":"Pois:Ravin"},{"stat":0,"label":"Pois:Reef"},{"stat":0,"label":"Pois:Religious"},{"stat":0,"label":"Pois:Rental"},{"stat":0,"label":"Pois:Reserve"},{"stat":0,"label":"Pois:RestArea"},{"stat":0,"label":"Pois:Restaurant"},{"stat":0,"label":"Pois:Road"},{"stat":0,"label":"Pois:School"},{"stat":0,"label":"Pois:Sea"},{"stat":0,"label":"Pois:Shop"},{"stat":0,"label":"Pois:Sport"},{"stat":0,"label":"Pois:Spring"},{"stat":0,"label":"Pois:Stadium"},{"stat":0,"label":"Pois:Strait"},{"stat":0,"label":"Pois:Stream"},{"stat":0,"label":"Pois:Street"},{"stat":0,"label":"Pois:SwimmingPool"},{"stat":0,"label":"Pois:Taxi"},{"stat":0,"label":"Pois:Telephone"},{"stat":0,"label":"Pois:Theater"},{"stat":0,"label":"Pois:Toilet"},{"stat":0,"label":"Pois:Tourism"},{"stat":0,"label":"Pois:TourismInfo"},{"stat":0,"label":"Pois:Tower"},{"stat":0,"label":"Pois:Tree"},{"stat":0,"label":"Pois:Tunnel"},{"stat":0,"label":"Pois:UnderSea"},{"stat":0,"label":"Pois:VendingMachine"},{"stat":0,"label":"Pois:Veterinary"},{"stat":0,"label":"Pois:Vineyard"},{"stat":0,"label":"Pois:Volcano"},{"stat":0,"label":"Pois:WaterBody"},{"stat":0,"label":"Pois:Zoo"},{"stat":0,"label":"Pois:all"}]